-- phpMyAdmin SQL Dump
-- version 5.0.4
-- https://www.phpmyadmin.net/
--
-- Värd: 127.0.0.1
-- Tid vid skapande: 06 mars 2021 kl 18:16
-- Serverversion: 10.4.16-MariaDB
-- PHP-version: 7.4.12

SET SQL_MODE = "NO_AUTO_VALUE_ON_ZERO";
START TRANSACTION;
SET time_zone = "+00:00";


/*!40101 SET @OLD_CHARACTER_SET_CLIENT=@@CHARACTER_SET_CLIENT */;
/*!40101 SET @OLD_CHARACTER_SET_RESULTS=@@CHARACTER_SET_RESULTS */;
/*!40101 SET @OLD_COLLATION_CONNECTION=@@COLLATION_CONNECTION */;
/*!40101 SET NAMES utf8mb4 */;

--
-- Databas: `wikipediaguesser`
--

-- --------------------------------------------------------

--
-- Tabellstruktur `categories`
--

CREATE TABLE `categories` (
  `id` int(11) NOT NULL,
  `name` varchar(32) NOT NULL
) ENGINE=InnoDB DEFAULT CHARSET=utf8mb4;

--
-- Dumpning av Data i tabell `categories`
--

INSERT INTO `categories` (`id`, `name`) VALUES
(1, 'all');

-- --------------------------------------------------------

--
-- Tabellstruktur `gamemodes`
--

CREATE TABLE `gamemodes` (
  `id` int(11) NOT NULL,
  `name` varchar(16) NOT NULL,
  `description` varchar(64) NOT NULL,
  `time` int(11) NOT NULL,
  `increment` int(11) NOT NULL
) ENGINE=InnoDB DEFAULT CHARSET=utf8mb4;

--
-- Dumpning av Data i tabell `gamemodes`
--

INSERT INTO `gamemodes` (`id`, `name`, `description`, `time`, `increment`) VALUES
(1, 'Original', 'You Have 1 Minute To get As Many Consecutive Answers Correct', 60, 0),
(2, 'Ultra Fast', 'You Have 10 Seconds With 3 Second Increment.', 10, 3);

-- --------------------------------------------------------

--
-- Tabellstruktur `gamesplayed`
--

CREATE TABLE `gamesplayed` (
  `id` int(11) NOT NULL,
  `userId` int(11) NOT NULL,
  `gamemodeId` int(11) NOT NULL,
  `score` int(11) NOT NULL DEFAULT 0,
  `finished` tinyint(1) NOT NULL DEFAULT 0,
  `date` timestamp NOT NULL DEFAULT current_timestamp()
) ENGINE=InnoDB DEFAULT CHARSET=utf8mb4;

--
-- Dumpning av Data i tabell `gamesplayed`
--

INSERT INTO `gamesplayed` (`id`, `userId`, `gamemodeId`, `score`, `finished`, `date`) VALUES
(335, 23, 1, 0, 0, '2021-03-05 23:00:00'),
(336, 23, 1, 0, 0, '2021-03-05 23:00:00'),
(337, 23, 1, 0, 1, '2021-03-05 23:00:00');

-- --------------------------------------------------------

--
-- Tabellstruktur `questioncategory`
--

CREATE TABLE `questioncategory` (
  `id` int(11) NOT NULL,
  `questionId` int(11) NOT NULL,
  `categoryId` int(11) NOT NULL
) ENGINE=InnoDB DEFAULT CHARSET=utf8mb4;

--
-- Dumpning av Data i tabell `questioncategory`
--

INSERT INTO `questioncategory` (`id`, `questionId`, `categoryId`) VALUES
(1, 2, 1),
(2, 3, 1),
(3, 4, 1),
(4, 5, 1),
(5, 6, 1),
(6, 7, 1),
(7, 8, 1),
(8, 9, 1),
(9, 10, 1),
(10, 11, 1),
(11, 12, 1),
(12, 13, 1),
(13, 14, 1),
(14, 15, 1),
(15, 16, 1),
(16, 17, 1),
(17, 18, 1),
(18, 19, 1),
(19, 20, 1),
(20, 21, 1),
(21, 22, 1),
(22, 23, 1),
(23, 24, 1),
(24, 25, 1),
(25, 26, 1),
(26, 27, 1),
(27, 28, 1),
(28, 29, 1),
(29, 30, 1),
(30, 31, 1),
(31, 32, 1),
(32, 33, 1),
(33, 34, 1),
(34, 35, 1),
(35, 36, 1),
(36, 37, 1),
(37, 38, 1),
(38, 39, 1),
(39, 40, 1),
(40, 41, 1),
(41, 42, 1),
(42, 43, 1),
(43, 44, 1),
(44, 45, 1),
(45, 46, 1),
(46, 47, 1),
(47, 48, 1),
(48, 49, 1),
(49, 50, 1),
(50, 51, 1),
(51, 52, 1),
(52, 53, 1),
(53, 54, 1),
(54, 55, 1),
(55, 56, 1),
(56, 57, 1),
(57, 58, 1),
(58, 59, 1),
(59, 60, 1),
(60, 61, 1),
(61, 62, 1),
(62, 63, 1),
(63, 64, 1),
(64, 65, 1),
(65, 66, 1),
(66, 67, 1),
(67, 68, 1),
(68, 69, 1),
(69, 70, 1),
(70, 71, 1),
(71, 72, 1),
(72, 73, 1),
(73, 74, 1),
(74, 75, 1),
(75, 76, 1),
(76, 77, 1),
(77, 78, 1),
(78, 79, 1),
(79, 80, 1),
(80, 81, 1),
(81, 82, 1),
(82, 83, 1),
(83, 84, 1),
(84, 85, 1),
(85, 86, 1),
(86, 87, 1),
(87, 88, 1),
(88, 89, 1),
(89, 90, 1),
(90, 91, 1),
(91, 92, 1),
(92, 93, 1),
(93, 94, 1),
(94, 95, 1),
(95, 96, 1),
(96, 97, 1),
(97, 98, 1),
(98, 99, 1),
(99, 100, 1),
(100, 101, 1),
(101, 102, 1),
(102, 103, 1),
(103, 104, 1),
(104, 105, 1),
(105, 106, 1),
(106, 107, 1),
(107, 108, 1),
(108, 109, 1),
(109, 110, 1),
(110, 111, 1),
(111, 112, 1),
(112, 113, 1),
(113, 114, 1),
(114, 115, 1),
(115, 116, 1),
(116, 117, 1),
(117, 118, 1),
(118, 119, 1),
(119, 120, 1),
(120, 121, 1),
(121, 122, 1),
(122, 123, 1),
(123, 124, 1),
(124, 125, 1),
(125, 126, 1),
(126, 127, 1),
(127, 128, 1),
(128, 129, 1),
(129, 130, 1),
(130, 131, 1),
(131, 132, 1),
(132, 133, 1),
(133, 134, 1),
(134, 135, 1),
(135, 136, 1),
(136, 137, 1),
(137, 138, 1),
(138, 139, 1),
(139, 140, 1),
(140, 141, 1),
(141, 142, 1),
(142, 143, 1),
(143, 144, 1),
(144, 145, 1),
(145, 146, 1),
(146, 147, 1),
(147, 148, 1),
(148, 149, 1),
(149, 150, 1),
(150, 151, 1),
(151, 152, 1),
(152, 153, 1),
(153, 154, 1),
(154, 155, 1),
(155, 156, 1),
(156, 157, 1),
(157, 158, 1),
(158, 159, 1),
(159, 160, 1),
(160, 161, 1),
(161, 162, 1),
(162, 163, 1),
(163, 164, 1),
(164, 165, 1),
(165, 166, 1),
(166, 167, 1),
(167, 168, 1),
(168, 169, 1),
(169, 170, 1),
(170, 171, 1),
(171, 172, 1),
(172, 173, 1),
(173, 174, 1),
(174, 175, 1),
(175, 176, 1),
(176, 177, 1),
(177, 178, 1),
(178, 179, 1),
(179, 180, 1),
(180, 181, 1),
(181, 182, 1),
(182, 183, 1),
(183, 184, 1),
(184, 185, 1),
(185, 186, 1),
(186, 187, 1),
(187, 188, 1),
(188, 189, 1),
(189, 190, 1),
(190, 191, 1),
(191, 192, 1),
(192, 193, 1),
(193, 194, 1),
(194, 195, 1),
(195, 196, 1),
(196, 197, 1),
(197, 198, 1),
(198, 199, 1),
(199, 200, 1),
(200, 201, 1),
(201, 202, 1),
(202, 203, 1),
(203, 204, 1),
(204, 205, 1),
(205, 206, 1),
(206, 207, 1),
(207, 208, 1),
(208, 209, 1),
(209, 210, 1),
(210, 211, 1),
(211, 212, 1),
(212, 213, 1),
(213, 214, 1),
(214, 215, 1),
(215, 216, 1),
(216, 217, 1),
(217, 218, 1),
(218, 219, 1),
(219, 220, 1),
(220, 221, 1),
(221, 222, 1),
(222, 223, 1),
(223, 224, 1),
(224, 225, 1),
(225, 226, 1),
(226, 227, 1),
(227, 228, 1),
(228, 229, 1),
(229, 230, 1),
(230, 231, 1),
(231, 232, 1),
(232, 233, 1),
(233, 234, 1),
(234, 235, 1),
(235, 236, 1),
(236, 237, 1),
(237, 238, 1),
(238, 239, 1),
(239, 240, 1),
(240, 241, 1),
(241, 242, 1),
(242, 243, 1),
(243, 244, 1),
(244, 245, 1),
(245, 246, 1),
(246, 247, 1),
(247, 248, 1),
(248, 249, 1),
(249, 250, 1),
(250, 251, 1),
(251, 252, 1),
(252, 253, 1),
(253, 254, 1),
(254, 255, 1),
(255, 256, 1),
(256, 257, 1),
(257, 258, 1),
(258, 259, 1),
(259, 260, 1),
(260, 261, 1),
(261, 262, 1),
(262, 263, 1),
(263, 264, 1),
(264, 265, 1),
(265, 266, 1),
(266, 267, 1),
(267, 268, 1),
(268, 269, 1),
(269, 270, 1),
(270, 271, 1),
(271, 272, 1),
(272, 273, 1),
(273, 274, 1),
(274, 275, 1),
(275, 276, 1),
(276, 277, 1),
(277, 278, 1),
(278, 279, 1),
(279, 280, 1),
(280, 281, 1),
(281, 282, 1),
(282, 283, 1);

-- --------------------------------------------------------

--
-- Tabellstruktur `questions`
--

CREATE TABLE `questions` (
  `id` int(11) NOT NULL,
  `titleId` int(11) NOT NULL,
  `img` varchar(2048) NOT NULL,
  `width` int(11) NOT NULL,
  `height` int(11) NOT NULL,
  `creationDate` timestamp NOT NULL DEFAULT current_timestamp()
) ENGINE=InnoDB DEFAULT CHARSET=utf8mb4;

--
-- Dumpning av Data i tabell `questions`
--

INSERT INTO `questions` (`id`, `titleId`, `img`, `width`, `height`, `creationDate`) VALUES
(2, 2, 'https://upload.wikimedia.org/wikipedia/commons/4/41/Why_Girls_Go_Back_Home_lobby_card.jpg', 750, 582, '2021-02-27 23:00:00'),
(3, 3, 'https://upload.wikimedia.org/wikipedia/commons/thumb/5/56/Totila_fa_dstruggere_la_citt%C3%A0_di_Firenze.jpg/1000px-Totila_fa_dstruggere_la_citt%C3%A0_di_Firenze.jpg', 1000, 888, '2021-02-27 23:00:00'),
(4, 4, 'https://upload.wikimedia.org/wikipedia/commons/thumb/1/1e/Tom_Forman_001.jpg/591px-Tom_Forman_001.jpg', 591, 1000, '2021-02-27 23:00:00'),
(5, 5, 'https://upload.wikimedia.org/wikipedia/commons/thumb/d/d0/Surrey_Brit_Isles_Sect_5.svg/1000px-Surrey_Brit_Isles_Sect_5.svg.png', 1000, 918, '2021-02-27 23:00:00'),
(6, 6, 'https://upload.wikimedia.org/wikipedia/commons/thumb/7/70/Canada_Quebec_location_map_2.svg/821px-Canada_Quebec_location_map_2.svg.png', 821, 1000, '2021-02-27 23:00:00'),
(7, 7, 'https://upload.wikimedia.org/wikipedia/commons/2/24/Earl_of_Romney.jpg', 565, 768, '2021-02-27 23:00:00'),
(8, 8, 'https://upload.wikimedia.org/wikipedia/commons/thumb/3/34/Jean_Auguste_Dominique_Ingres_-_Mademoiselle_Caroline_Rivi%C3%A8re_-_WGA11837.jpg/695px-Jean_Auguste_Dominique_Ingres_-_Mademoiselle_Caroline_Rivi%C3%A8re_-_WGA11837.jpg', 695, 1000, '2021-02-27 23:00:00'),
(9, 9, 'https://upload.wikimedia.org/wikipedia/commons/7/7e/Botxtre.jpg', 799, 600, '2021-02-27 23:00:00'),
(10, 10, 'https://upload.wikimedia.org/wikipedia/commons/thumb/7/70/Coat_of_arms_of_Romania.svg/691px-Coat_of_arms_of_Romania.svg.png', 691, 1000, '2021-02-27 23:00:00'),
(11, 11, 'https://upload.wikimedia.org/wikipedia/commons/thumb/3/39/J._Roy_Bond_House.jpg/1000px-J._Roy_Bond_House.jpg', 1000, 665, '2021-02-27 23:00:00'),
(12, 12, 'https://upload.wikimedia.org/wikipedia/commons/thumb/f/fd/Amtrak_Empire_Builder_at_Tomah%2C_Wisconsin.jpg/1000px-Amtrak_Empire_Builder_at_Tomah%2C_Wisconsin.jpg', 1000, 667, '2021-02-27 23:00:00'),
(13, 13, 'https://upload.wikimedia.org/wikipedia/commons/5/50/Oncidium_sarcodes.jpg', 667, 939, '2021-02-27 23:00:00'),
(14, 14, 'https://upload.wikimedia.org/wikipedia/commons/thumb/a/ad/Cessna.210.centurion.d-ebws.arp.jpg/1000px-Cessna.210.centurion.d-ebws.arp.jpg', 1000, 671, '2021-02-27 23:00:00'),
(15, 15, 'https://upload.wikimedia.org/wikipedia/commons/thumb/f/f2/Cortisone_acetate.svg/1000px-Cortisone_acetate.svg.png', 1000, 796, '2021-02-27 23:00:00'),
(16, 16, 'https://upload.wikimedia.org/wikipedia/commons/e/e8/Curtiss_America_001.jpg', 800, 555, '2021-02-27 23:00:00'),
(17, 17, 'https://upload.wikimedia.org/wikipedia/commons/thumb/7/79/Bubo_virginianus_nacurutu_-_Otter%2C_Owl%2C_and_Wildlife_Park.jpg/623px-Bubo_virginianus_nacurutu_-_Otter%2C_Owl%2C_and_Wildlife_Park.jpg', 623, 1000, '2021-02-27 23:00:00'),
(18, 18, 'https://upload.wikimedia.org/wikipedia/commons/thumb/f/f7/Io_fluvialis.jpg/1000px-Io_fluvialis.jpg', 1000, 666, '2021-02-27 23:00:00'),
(19, 19, 'https://upload.wikimedia.org/wikipedia/commons/9/94/Hitchcock%2C_Alfred_02.jpg', 808, 973, '2021-02-27 23:00:00'),
(20, 20, 'https://upload.wikimedia.org/wikipedia/commons/thumb/f/f8/SunsetValleyTXSign.JPG/1000px-SunsetValleyTXSign.JPG', 1000, 750, '2021-02-27 23:00:00'),
(21, 21, 'https://upload.wikimedia.org/wikipedia/commons/8/8d/Cycloundecane3D.png', 1000, 819, '2021-02-27 23:00:00'),
(22, 22, 'https://upload.wikimedia.org/wikipedia/commons/thumb/3/35/Seal_of_Kentucky.svg/1000px-Seal_of_Kentucky.svg.png', 1000, 1000, '2021-02-27 23:00:00'),
(23, 23, 'https://upload.wikimedia.org/wikipedia/commons/b/b4/Kakaye_and_Manthara.jpg', 663, 864, '2021-02-27 23:00:00'),
(24, 24, 'https://upload.wikimedia.org/wikipedia/commons/thumb/4/4a/JR_Hokkaido_Katsuragawa_Station.jpg/1000px-JR_Hokkaido_Katsuragawa_Station.jpg', 1000, 664, '2021-02-27 23:00:00'),
(25, 25, 'https://upload.wikimedia.org/wikipedia/commons/thumb/3/30/Dining_room_urim_2013.jpg/1000px-Dining_room_urim_2013.jpg', 1000, 750, '2021-02-27 23:00:00'),
(26, 26, 'https://upload.wikimedia.org/wikipedia/commons/thumb/d/d9/Perry_County_Courthouse_in_Pinckneyville.jpg/1000px-Perry_County_Courthouse_in_Pinckneyville.jpg', 1000, 563, '2021-02-27 23:00:00'),
(27, 27, 'https://upload.wikimedia.org/wikipedia/commons/thumb/f/f8/John_Leonard_Riddell.jpg/940px-John_Leonard_Riddell.jpg', 940, 1000, '2021-02-27 23:00:00'),
(28, 28, 'https://upload.wikimedia.org/wikipedia/commons/thumb/1/1c/Walter_Shirlaw_-_Portrait_of_Dorothea_A._Dreier_%281870-1923%29_-_1941.686_-_Yale_University_Art_Gallery.jpg/1000px-Walter_Shirlaw_-_Portrait_of_Dorothea_A._Dreier_%281870-1923%29_-_1941.686_-_Yale_University_Art_Gallery.jpg', 1000, 903, '2021-02-27 23:00:00'),
(29, 29, 'https://upload.wikimedia.org/wikipedia/commons/thumb/5/59/Richard_Taylor_1781-1858.png/803px-Richard_Taylor_1781-1858.png', 803, 1000, '2021-02-27 23:00:00'),
(30, 30, 'https://upload.wikimedia.org/wikipedia/commons/thumb/a/a2/Rev-thomas-boston-1677-1732-minister-of-ettrick.jpg/546px-Rev-thomas-boston-1677-1732-minister-of-ettrick.jpg', 546, 1000, '2021-02-27 23:00:00'),
(31, 31, 'https://upload.wikimedia.org/wikipedia/en/d/da/Pensacola_and_Choctawhatchee_Bays_1700_cropped.gif', 731, 629, '2021-02-27 23:00:00'),
(32, 32, 'https://upload.wikimedia.org/wikipedia/commons/thumb/a/aa/SPECIALIST_Fourth_Class_%28SPC%29_Curtis_Schreiner%2C_New_York_Army_National_Guard%2C_watches_for_the_starting_signal_to_begin_the_biathlon_competition%2C_part_of_the_1988_Winter_Olympics_-_DPLA_-_11a5fe8ea0b4714e86bcab4bfde6c770.jpeg/1000px-thumbnail.jpeg', 1000, 669, '2021-02-27 23:00:00'),
(33, 33, 'https://upload.wikimedia.org/wikipedia/commons/thumb/b/bb/USS_Langley_%28CV-1%29_underway_in_June_1927_%28cropped%29.jpg/1000px-USS_Langley_%28CV-1%29_underway_in_June_1927_%28cropped%29.jpg', 1000, 651, '2021-02-27 23:00:00'),
(34, 34, 'https://upload.wikimedia.org/wikipedia/commons/thumb/2/29/Patrie-Bougault-img_3133.jpg/1000px-Patrie-Bougault-img_3133.jpg', 1000, 617, '2021-02-27 23:00:00'),
(35, 35, 'https://upload.wikimedia.org/wikipedia/commons/thumb/a/ad/HaydeeCampbell1903.tif/lossless-page1-683px-HaydeeCampbell1903.tif.png', 683, 1000, '2021-02-27 23:00:00'),
(36, 36, 'https://upload.wikimedia.org/wikipedia/commons/thumb/0/0c/911_Air_Refueling_Squadron_Boeing_KC-135A-BN_Stratotanker_58-0029.jpg/1000px-911_Air_Refueling_Squadron_Boeing_KC-135A-BN_Stratotanker_58-0029.jpg', 1000, 649, '2021-02-27 23:00:00'),
(37, 37, 'https://upload.wikimedia.org/wikipedia/commons/6/68/Zarpe_de_la_Primera_Escuadra_Nacional.jpg', 750, 501, '2021-02-27 23:00:00'),
(38, 38, 'https://upload.wikimedia.org/wikipedia/commons/thumb/0/05/Aridarum_montanum_drawing.png/594px-Aridarum_montanum_drawing.png', 594, 1000, '2021-02-27 23:00:00'),
(39, 39, 'https://upload.wikimedia.org/wikipedia/commons/e/eb/SantaClaraNM.jpg', 640, 523, '2021-02-27 23:00:00'),
(40, 40, 'https://upload.wikimedia.org/wikipedia/commons/thumb/0/03/Flag_of_Mon_State_%282018%29.svg/1000px-Flag_of_Mon_State_%282018%29.svg.png', 1000, 667, '2021-02-27 23:00:00'),
(41, 41, 'https://upload.wikimedia.org/wikipedia/commons/thumb/e/e8/Borlas_Doradas.jpg/1000px-Borlas_Doradas.jpg', 1000, 750, '2021-02-27 23:00:00'),
(42, 42, 'https://upload.wikimedia.org/wikipedia/commons/thumb/4/44/Hartt_House.jpg/1000px-Hartt_House.jpg', 1000, 964, '2021-02-27 23:00:00'),
(43, 43, 'https://upload.wikimedia.org/wikipedia/commons/6/61/1916PathfinderAutomobile.jpg', 985, 890, '2021-02-27 23:00:00'),
(44, 44, 'https://upload.wikimedia.org/wikipedia/commons/thumb/d/dd/AmbrosianIliadPict47Achilles.jpg/1000px-AmbrosianIliadPict47Achilles.jpg', 1000, 629, '2021-02-27 23:00:00'),
(45, 45, 'https://upload.wikimedia.org/wikipedia/en/0/0b/Nonhyeon_dong_gangnamgu.PNG', 753, 682, '2021-02-27 23:00:00'),
(46, 46, 'https://upload.wikimedia.org/wikipedia/commons/thumb/0/04/Stade_Akid_Lotfi.jpg/1000px-Stade_Akid_Lotfi.jpg', 1000, 761, '2021-02-27 23:00:00'),
(47, 47, 'https://upload.wikimedia.org/wikipedia/commons/thumb/c/c5/Hanriot_HD.3.jpg/1000px-Hanriot_HD.3.jpg', 1000, 680, '2021-02-27 23:00:00'),
(48, 48, 'https://upload.wikimedia.org/wikipedia/commons/thumb/f/f4/Flag_of_the_Cooch_Bihar_State.svg/1000px-Flag_of_the_Cooch_Bihar_State.svg.png', 1000, 668, '2021-02-27 23:00:00'),
(49, 49, 'https://upload.wikimedia.org/wikipedia/en/thumb/7/71/NerYisroel.jpg/1000px-NerYisroel.jpg', 1000, 750, '2021-02-27 23:00:00'),
(50, 50, 'https://upload.wikimedia.org/wikipedia/commons/thumb/2/2b/Pterotracheidae.jpg/1000px-Pterotracheidae.jpg', 1000, 680, '2021-02-27 23:00:00'),
(51, 51, 'https://upload.wikimedia.org/wikipedia/commons/a/a9/Samuel_Gurney_Josiah_Forster_William_Allen.jpg', 694, 525, '2021-02-27 23:00:00'),
(52, 52, 'https://upload.wikimedia.org/wikipedia/commons/4/47/Where_the_great_city_of_Cape_Town_stands%2C_they_setup_their_tents_and_huts.gif', 540, 732, '2021-02-27 23:00:00'),
(53, 53, 'https://upload.wikimedia.org/wikipedia/commons/thumb/f/f0/Klecak._%D0%9A%D0%BB%D0%B5%D1%86%D0%B0%D0%BA_%28T._Mako%C5%ADski%2C_XVII%29.jpg/1000px-Klecak._%D0%9A%D0%BB%D0%B5%D1%86%D0%B0%D0%BA_%28T._Mako%C5%ADski%2C_XVII%29.jpg', 1000, 687, '2021-02-27 23:00:00'),
(54, 54, 'https://upload.wikimedia.org/wikipedia/commons/thumb/b/bc/Henstedt-Ulzburg_in_SE.svg/1000px-Henstedt-Ulzburg_in_SE.svg.png', 1000, 900, '2021-02-27 23:00:00'),
(55, 55, 'https://upload.wikimedia.org/wikipedia/commons/thumb/1/18/US_Navy_110129-N-3885H-158_USS_George_H.W._Bush_%28CVN_77%29_is_underway_in_the_Atlantic_Ocean.jpg/1000px-US_Navy_110129-N-3885H-158_USS_George_H.W._Bush_%28CVN_77%29_is_underway_in_the_Atlantic_Ocean.jpg', 1000, 568, '2021-02-27 23:00:00'),
(56, 56, 'https://upload.wikimedia.org/wikipedia/commons/thumb/e/ee/St_Louis_Cardinals_Cap_Insignia.svg/935px-St_Louis_Cardinals_Cap_Insignia.svg.png', 935, 1000, '2021-02-27 23:00:00'),
(57, 57, 'https://upload.wikimedia.org/wikipedia/commons/thumb/3/32/Countries_driving_on_the_left_or_right.svg/1000px-Countries_driving_on_the_left_or_right.svg.png', 1000, 508, '2021-02-27 23:00:00'),
(58, 58, 'https://upload.wikimedia.org/wikipedia/commons/thumb/1/17/Bundestagswahlkreis_230-2017.svg/962px-Bundestagswahlkreis_230-2017.svg.png', 962, 1000, '2021-02-27 23:00:00'),
(59, 59, 'https://upload.wikimedia.org/wikipedia/commons/thumb/b/bc/E_coli_at_10000x%2C_original.jpg/1000px-E_coli_at_10000x%2C_original.jpg', 1000, 727, '2021-02-27 23:00:00'),
(60, 60, 'https://upload.wikimedia.org/wikipedia/commons/0/0a/Red_Square._Visual_Realism_of_a_Peasant_Woman_in_Two_Dimensions.jpg', 673, 700, '2021-02-27 23:00:00'),
(61, 61, 'https://upload.wikimedia.org/wikipedia/commons/thumb/3/39/Francesco_Terzio_005.jpg/533px-Francesco_Terzio_005.jpg', 533, 1000, '2021-02-27 23:00:00'),
(62, 62, 'https://upload.wikimedia.org/wikipedia/commons/thumb/4/4b/Paris_-_Palais_du_Trocad%C3%A9ro_-_Organ.JPG/1000px-Paris_-_Palais_du_Trocad%C3%A9ro_-_Organ.JPG', 1000, 721, '2021-02-27 23:00:00'),
(63, 63, 'https://upload.wikimedia.org/wikipedia/commons/thumb/0/03/Edwin_Eugene_Aldrin%2C_Sr.jpg/854px-Edwin_Eugene_Aldrin%2C_Sr.jpg', 854, 1000, '2021-02-27 23:00:00'),
(64, 64, 'https://upload.wikimedia.org/wikipedia/commons/thumb/7/7e/Ernst_Wigforss_-_Sveriges_styresm%C3%A4n.jpg/798px-Ernst_Wigforss_-_Sveriges_styresm%C3%A4n.jpg', 798, 1000, '2021-02-27 23:00:00'),
(65, 65, 'https://upload.wikimedia.org/wikipedia/commons/thumb/9/91/Wonder_Lake_and_Denali.jpg/1000px-Wonder_Lake_and_Denali.jpg', 1000, 771, '2021-02-27 23:00:00'),
(66, 66, 'https://upload.wikimedia.org/wikipedia/commons/thumb/4/4f/Twilight_Zone_Third_From_the_Sun_1960.jpg/790px-Twilight_Zone_Third_From_the_Sun_1960.jpg', 790, 1000, '2021-02-27 23:00:00'),
(67, 67, 'https://upload.wikimedia.org/wikipedia/commons/thumb/9/9b/Flag_of_Nepal.svg/820px-Flag_of_Nepal.svg.png', 820, 1000, '2021-02-27 23:00:00'),
(68, 68, 'https://upload.wikimedia.org/wikipedia/commons/thumb/1/13/Georgia_state_route_8_map.png/1000px-Georgia_state_route_8_map.png', 1000, 537, '2021-02-27 23:00:00'),
(69, 69, 'https://upload.wikimedia.org/wikipedia/commons/thumb/c/cc/Oppenheimer_Diamond.jpg/643px-Oppenheimer_Diamond.jpg', 643, 1000, '2021-02-27 23:00:00'),
(70, 70, 'https://upload.wikimedia.org/wikipedia/commons/c/cc/Ancient_Pistol_with_Henry_V.jpg', 800, 793, '2021-02-27 23:00:00'),
(71, 71, 'https://upload.wikimedia.org/wikipedia/commons/thumb/3/38/Leonardo_da_Vinci_-_presumed_self-portrait_-_WGA12798.jpg/641px-Leonardo_da_Vinci_-_presumed_self-portrait_-_WGA12798.jpg', 641, 1000, '2021-02-27 23:00:00'),
(72, 72, 'https://upload.wikimedia.org/wikipedia/commons/thumb/8/89/Besenthal_in_RZ.svg/1000px-Besenthal_in_RZ.svg.png', 1000, 1000, '2021-02-27 23:00:00'),
(73, 73, 'https://upload.wikimedia.org/wikipedia/commons/c/c7/VT-Burlington_1870_Ref.jpg', 679, 542, '2021-02-27 23:00:00'),
(74, 74, 'https://upload.wikimedia.org/wikipedia/commons/d/de/Lake_Salda_in_June_2020.jpg', 846, 846, '2021-02-27 23:00:00'),
(75, 75, 'https://upload.wikimedia.org/wikipedia/commons/thumb/e/ee/AmundsenSea.jpg/1000px-AmundsenSea.jpg', 1000, 707, '2021-02-27 23:00:00'),
(76, 76, 'https://upload.wikimedia.org/wikipedia/commons/thumb/e/ed/South_Holston_Dam.jpg/1000px-South_Holston_Dam.jpg', 1000, 693, '2021-02-27 23:00:00'),
(77, 77, 'https://upload.wikimedia.org/wikipedia/commons/thumb/2/2a/Ir%C3%A9-le-Sec%2C_Eglise_Saint-Hubert.jpg/663px-Ir%C3%A9-le-Sec%2C_Eglise_Saint-Hubert.jpg', 663, 1000, '2021-02-27 23:00:00'),
(78, 78, 'https://upload.wikimedia.org/wikipedia/commons/thumb/1/14/Pat_Smythe_1954.jpg/714px-Pat_Smythe_1954.jpg', 714, 1000, '2021-02-27 23:00:00'),
(79, 79, 'https://upload.wikimedia.org/wikipedia/commons/7/70/Otelu_Rosu_jud_Caras-Severin.png', 1000, 960, '2021-02-27 23:00:00'),
(80, 80, 'https://upload.wikimedia.org/wikipedia/commons/thumb/4/4a/Thestudiomagazinefirstcover.jpg/714px-Thestudiomagazinefirstcover.jpg', 714, 1000, '2021-02-27 23:00:00'),
(81, 81, 'https://upload.wikimedia.org/wikipedia/commons/thumb/3/3a/Habib_Bourguiba_coupe_Palestine_1973.JPG/1000px-Habib_Bourguiba_coupe_Palestine_1973.JPG', 1000, 957, '2021-02-27 23:00:00'),
(82, 82, 'https://upload.wikimedia.org/wikipedia/commons/thumb/3/3f/B-2_first_flight_071201-F-9999J-034.jpg/1000px-B-2_first_flight_071201-F-9999J-034.jpg', 1000, 805, '2021-02-27 23:00:00'),
(83, 83, 'https://upload.wikimedia.org/wikipedia/commons/thumb/e/e1/The_American_logo_in_Wichita_State_colors.svg/932px-The_American_logo_in_Wichita_State_colors.svg.png', 932, 1000, '2021-02-27 23:00:00'),
(84, 84, 'https://upload.wikimedia.org/wikipedia/commons/4/4b/HoangVietLoatLe_first_page.jpg', 800, 615, '2021-02-27 23:00:00'),
(85, 85, 'https://upload.wikimedia.org/wikipedia/commons/thumb/e/eb/WP_Karl_von_Muffling.jpg/773px-WP_Karl_von_Muffling.jpg', 773, 1000, '2021-02-27 23:00:00'),
(86, 86, 'https://upload.wikimedia.org/wikipedia/commons/thumb/9/9d/Bull_Trout.JPG/1000px-Bull_Trout.JPG', 1000, 750, '2021-02-27 23:00:00'),
(87, 87, 'https://upload.wikimedia.org/wikipedia/commons/thumb/2/24/Empty_shuttle_coal_cars._Pittsburgh_Coal_Company%2C_Westland_Mine%2C_Westland%2C_Washington_County%2C_Pennsylvania._-_NARA_-_540260.jpg/1000px-Empty_shuttle_coal_cars._Pittsburgh_Coal_Company%2C_Westland_Mine%2C_Westland%2C_Washington_County%2C_Pennsylvania._-_NARA_-_540260.jpg', 1000, 800, '2021-02-27 23:00:00'),
(88, 88, 'https://upload.wikimedia.org/wikipedia/commons/9/94/HMS_Raider_1942_IWM_FL_9760.jpg', 744, 508, '2021-02-27 23:00:00'),
(89, 89, 'https://upload.wikimedia.org/wikipedia/commons/thumb/2/21/Ann_Sheridan_in_%27The_Doughgirls%27%2C_1944.jpg/717px-Ann_Sheridan_in_%27The_Doughgirls%27%2C_1944.jpg', 717, 1000, '2021-02-27 23:00:00'),
(90, 90, 'https://upload.wikimedia.org/wikipedia/commons/thumb/a/a5/%E8%BD%BD%E6%B6%9B.jpg/704px-%E8%BD%BD%E6%B6%9B.jpg', 704, 1000, '2021-02-27 23:00:00'),
(91, 91, 'https://upload.wikimedia.org/wikipedia/commons/thumb/b/be/PytiliaAfraSmit.jpg/947px-PytiliaAfraSmit.jpg', 947, 1000, '2021-02-27 23:00:00'),
(92, 92, 'https://upload.wikimedia.org/wikipedia/commons/thumb/0/0d/Map_of_Montana_highlighting_Jefferson_County.svg/1000px-Map_of_Montana_highlighting_Jefferson_County.svg.png', 1000, 577, '2021-02-27 23:00:00'),
(93, 93, 'https://upload.wikimedia.org/wikipedia/commons/thumb/1/13/A_Lady_Playing_the_Tanpura%2C_ca._1735.jpg/630px-A_Lady_Playing_the_Tanpura%2C_ca._1735.jpg', 630, 1000, '2021-02-27 23:00:00'),
(94, 94, 'https://upload.wikimedia.org/wikipedia/commons/thumb/4/49/Colonel_John_Jameson_%281751-1810%29.jpg/786px-Colonel_John_Jameson_%281751-1810%29.jpg', 786, 1000, '2021-02-27 23:00:00'),
(95, 95, 'https://upload.wikimedia.org/wikipedia/commons/thumb/0/02/Sagisag_ng_Pangulo_ng_Pilipinas.svg/1000px-Sagisag_ng_Pangulo_ng_Pilipinas.svg.png', 1000, 1000, '2021-02-27 23:00:00'),
(96, 96, 'https://upload.wikimedia.org/wikipedia/commons/thumb/f/f5/HitachiMaru1898.JPG/1000px-HitachiMaru1898.JPG', 1000, 600, '2021-02-27 23:00:00'),
(97, 97, 'https://upload.wikimedia.org/wikipedia/commons/thumb/7/75/Chicago_art_inst_singer_sargent_bunker.JPG/958px-Chicago_art_inst_singer_sargent_bunker.JPG', 958, 1000, '2021-02-27 23:00:00'),
(98, 98, 'https://upload.wikimedia.org/wikipedia/commons/thumb/c/c3/Samuel_Taylor_Darling.jpg/722px-Samuel_Taylor_Darling.jpg', 722, 1000, '2021-02-27 23:00:00'),
(99, 99, 'https://upload.wikimedia.org/wikipedia/commons/2/2f/Euborellia_annulipes_FnM.png', 880, 800, '2021-02-27 23:00:00'),
(100, 100, 'https://upload.wikimedia.org/wikipedia/commons/thumb/2/2b/Portrait_of_Jules_Gu%C3%A9rin.jpg/588px-Portrait_of_Jules_Gu%C3%A9rin.jpg', 588, 1000, '2021-02-27 23:00:00'),
(101, 101, 'https://upload.wikimedia.org/wikipedia/commons/thumb/c/c5/Nury_Turkel_headshot_2.jpg/714px-Nury_Turkel_headshot_2.jpg', 714, 1000, '2021-02-27 23:00:00'),
(102, 102, 'https://upload.wikimedia.org/wikipedia/commons/thumb/4/4b/X-51A_Waverider.jpg/1000px-X-51A_Waverider.jpg', 1000, 840, '2021-02-27 23:00:00'),
(103, 103, 'https://upload.wikimedia.org/wikipedia/commons/thumb/5/5f/Chenoweth-Coulter_Farmhouse.jpg/1000px-Chenoweth-Coulter_Farmhouse.jpg', 1000, 750, '2021-02-27 23:00:00'),
(104, 104, 'https://upload.wikimedia.org/wikipedia/commons/thumb/1/16/H._Julian_Allen_with_Blunt_Body_Theory_-_A-22664.jpg/1000px-H._Julian_Allen_with_Blunt_Body_Theory_-_A-22664.jpg', 1000, 786, '2021-02-27 23:00:00'),
(105, 105, 'https://upload.wikimedia.org/wikipedia/commons/thumb/a/a2/Bondarenko_crater_AS15-M-0106.jpg/1000px-Bondarenko_crater_AS15-M-0106.jpg', 1000, 1000, '2021-02-27 23:00:00'),
(106, 106, 'https://upload.wikimedia.org/wikipedia/commons/thumb/4/4a/TheSouthernParty.jpg/1000px-TheSouthernParty.jpg', 1000, 742, '2021-02-27 23:00:00'),
(107, 107, 'https://upload.wikimedia.org/wikipedia/commons/2/2f/Betty-boop-opening-title.jpg', 949, 720, '2021-02-27 23:00:00'),
(108, 108, 'https://upload.wikimedia.org/wikipedia/commons/thumb/4/49/Atrane.svg/1000px-Atrane.svg.png', 1000, 878, '2021-02-27 23:00:00'),
(109, 109, 'https://upload.wikimedia.org/wikipedia/commons/4/4b/HoangVietLoatLe_first_page.jpg', 800, 615, '2021-02-27 23:00:00'),
(110, 110, 'https://upload.wikimedia.org/wikipedia/commons/d/df/Benjamin_Tallmadge_by_Ezra_Ames.JPG', 586, 763, '2021-02-27 23:00:00'),
(111, 111, 'https://upload.wikimedia.org/wikipedia/commons/thumb/4/41/Fmgstadium.JPG/1000px-Fmgstadium.JPG', 1000, 750, '2021-02-27 23:00:00'),
(112, 112, 'https://upload.wikimedia.org/wikipedia/commons/thumb/3/36/Oregon_Route_214.svg/1000px-Oregon_Route_214.svg.png', 1000, 556, '2021-02-27 23:00:00'),
(113, 113, 'https://upload.wikimedia.org/wikipedia/commons/thumb/b/bf/Holy_Trinity_Church_in_Coldwater%2C_front_and_western_side.jpg/1000px-Holy_Trinity_Church_in_Coldwater%2C_front_and_western_side.jpg', 1000, 750, '2021-02-27 23:00:00'),
(114, 114, 'https://upload.wikimedia.org/wikipedia/commons/thumb/e/e1/Wiesenfeld_in_EIC.svg/1000px-Wiesenfeld_in_EIC.svg.png', 1000, 992, '2021-02-27 23:00:00'),
(115, 115, 'https://upload.wikimedia.org/wikipedia/commons/thumb/d/d4/Third_and_Main_in_St_Petersburg.jpg/1000px-Third_and_Main_in_St_Petersburg.jpg', 1000, 750, '2021-02-27 23:00:00'),
(116, 116, 'https://upload.wikimedia.org/wikipedia/commons/thumb/8/83/Chroboly_kostel.JPG/1000px-Chroboly_kostel.JPG', 1000, 748, '2021-02-27 23:00:00'),
(117, 117, 'https://upload.wikimedia.org/wikipedia/commons/thumb/e/eb/LarsGule.jpg/710px-LarsGule.jpg', 710, 1000, '2021-02-27 23:00:00'),
(118, 118, 'https://upload.wikimedia.org/wikipedia/commons/a/a6/USS_Bennington_%28CVS-20%29_underway_at_sea_on_5_March_1965_%28NH_97581%29.jpg', 740, 581, '2021-02-27 23:00:00'),
(119, 119, 'https://upload.wikimedia.org/wikipedia/commons/thumb/4/44/Karekin_II.jpg/692px-Karekin_II.jpg', 692, 1000, '2021-02-27 23:00:00'),
(120, 120, 'https://upload.wikimedia.org/wikipedia/commons/a/ac/Hovefestivallocation.jpg', 829, 546, '2021-02-27 23:00:00'),
(121, 121, 'https://upload.wikimedia.org/wikipedia/commons/4/4a/Perov-Pryanishnikov.jpg', 768, 985, '2021-02-27 23:00:00'),
(122, 122, 'https://upload.wikimedia.org/wikipedia/commons/thumb/d/de/Jerome_R._Brigham.png/787px-Jerome_R._Brigham.png', 787, 1000, '2021-02-27 23:00:00'),
(123, 123, 'https://upload.wikimedia.org/wikipedia/commons/8/86/Koan_Ogata_1901.jpg', 700, 971, '2021-02-27 23:00:00'),
(124, 124, 'https://upload.wikimedia.org/wikipedia/commons/8/80/Kara_seaSB.PNG', 710, 534, '2021-02-27 23:00:00'),
(125, 125, 'https://upload.wikimedia.org/wikipedia/commons/thumb/b/b2/Marta_Kristen_Lost_in_Space_1965.jpg/763px-Marta_Kristen_Lost_in_Space_1965.jpg', 763, 1000, '2021-02-27 23:00:00'),
(126, 126, 'https://upload.wikimedia.org/wikipedia/commons/thumb/4/45/Coat_of_arms_of_Latvia.svg/1000px-Coat_of_arms_of_Latvia.svg.png', 1000, 796, '2021-02-27 23:00:00'),
(127, 127, 'https://upload.wikimedia.org/wikipedia/commons/thumb/b/b3/Sen._B.K._Wheeler%2C_12-8-22_LOC_npcc.07484_%28cropped%29.jpg/816px-Sen._B.K._Wheeler%2C_12-8-22_LOC_npcc.07484_%28cropped%29.jpg', 816, 1000, '2021-02-27 23:00:00'),
(128, 128, 'https://upload.wikimedia.org/wikipedia/commons/2/24/Shuja_Shah_Durrani_of_Afghanistan_in_1839.jpg', 968, 712, '2021-02-27 23:00:00'),
(129, 129, 'https://upload.wikimedia.org/wikipedia/commons/thumb/6/61/Sant_Tukaram.jpg/747px-Sant_Tukaram.jpg', 747, 1000, '2021-02-27 23:00:00'),
(130, 130, 'https://upload.wikimedia.org/wikipedia/commons/thumb/a/a1/Flag_of_Askinsky_rayon.svg/1000px-Flag_of_Askinsky_rayon.svg.png', 1000, 667, '2021-02-27 23:00:00'),
(131, 131, 'https://upload.wikimedia.org/wikipedia/commons/0/0c/Gloucester_%28PF_22%29.jpg', 926, 566, '2021-02-27 23:00:00'),
(132, 132, 'https://upload.wikimedia.org/wikipedia/en/thumb/f/f0/Thomas_F_Breslin_Older.jpg/714px-Thomas_F_Breslin_Older.jpg', 714, 1000, '2021-02-27 23:00:00'),
(133, 133, 'https://upload.wikimedia.org/wikipedia/commons/thumb/f/f5/Outline_Map_of_Bashkortostan_2.svg/830px-Outline_Map_of_Bashkortostan_2.svg.png', 830, 1000, '2021-02-27 23:00:00'),
(134, 134, 'https://upload.wikimedia.org/wikipedia/commons/thumb/b/b1/Asellia_tridens.png/1000px-Asellia_tridens.png', 1000, 667, '2021-02-27 23:00:00'),
(135, 135, 'https://upload.wikimedia.org/wikipedia/commons/thumb/f/fb/Map_of_Indiana_highlighting_Parke_County.svg/653px-Map_of_Indiana_highlighting_Parke_County.svg.png', 653, 1000, '2021-02-27 23:00:00'),
(136, 136, 'https://upload.wikimedia.org/wikipedia/commons/thumb/e/e9/Landward_House.jpg/1000px-Landward_House.jpg', 1000, 750, '2021-02-27 23:00:00'),
(137, 137, 'https://upload.wikimedia.org/wikipedia/commons/3/3a/Chalala.jpg', 900, 600, '2021-02-27 23:00:00'),
(138, 138, 'https://upload.wikimedia.org/wikipedia/commons/thumb/6/61/Corazon_Aquino_1986.jpg/750px-Corazon_Aquino_1986.jpg', 750, 1000, '2021-02-27 23:00:00'),
(139, 139, 'https://upload.wikimedia.org/wikipedia/commons/3/3f/Trichospira_verticillata_%28disegno%29_%28cropped%29.jpg', 699, 916, '2021-02-27 23:00:00'),
(140, 140, 'https://upload.wikimedia.org/wikipedia/commons/thumb/1/12/Firoz_Shah_Taghlak.jpg/675px-Firoz_Shah_Taghlak.jpg', 675, 1000, '2021-02-27 23:00:00'),
(141, 141, 'https://upload.wikimedia.org/wikipedia/commons/thumb/8/87/John_Anderson_Governor.jpg/657px-John_Anderson_Governor.jpg', 657, 1000, '2021-02-27 23:00:00'),
(142, 142, 'https://upload.wikimedia.org/wikipedia/commons/thumb/a/aa/Bliss-Leavitt_Mark_7_torpedo.tif/lossy-page1-1000px-Bliss-Leavitt_Mark_7_torpedo.tif.jpg', 1000, 819, '2021-02-27 23:00:00'),
(143, 143, 'https://upload.wikimedia.org/wikipedia/commons/thumb/3/3e/Portrait_of_Pope_Pius_VII_and_Cardinal_Caprara_by_Jacques-Louis_David.jpg/689px-Portrait_of_Pope_Pius_VII_and_Cardinal_Caprara_by_Jacques-Louis_David.jpg', 689, 1000, '2021-02-27 23:00:00'),
(144, 144, 'https://upload.wikimedia.org/wikipedia/commons/thumb/1/1a/PIA17993-DetectorsForInfantUniverseStudies-20140317.jpg/1000px-PIA17993-DetectorsForInfantUniverseStudies-20140317.jpg', 1000, 961, '2021-02-27 23:00:00'),
(145, 145, 'https://upload.wikimedia.org/wikipedia/commons/1/17/Houphouet-Boigny_Kennedy.jpg', 760, 760, '2021-02-27 23:00:00'),
(146, 146, 'https://upload.wikimedia.org/wikipedia/commons/thumb/4/4d/Jakob_ebert.jpg/658px-Jakob_ebert.jpg', 658, 1000, '2021-02-27 23:00:00'),
(147, 147, 'https://upload.wikimedia.org/wikipedia/commons/thumb/7/70/Belmont_near_Wayside.jpg/1000px-Belmont_near_Wayside.jpg', 1000, 791, '2021-02-27 23:00:00'),
(148, 148, 'https://upload.wikimedia.org/wikipedia/commons/thumb/7/71/PicumnusSmit.jpg/644px-PicumnusSmit.jpg', 644, 1000, '2021-02-27 23:00:00'),
(149, 149, 'https://upload.wikimedia.org/wikipedia/commons/d/de/Clasm_Chludov.jpg', 588, 786, '2021-02-27 23:00:00'),
(150, 150, 'https://upload.wikimedia.org/wikipedia/commons/thumb/8/8b/Victrex_logo.svg/1000px-Victrex_logo.svg.png', 1000, 934, '2021-02-27 23:00:00'),
(151, 151, 'https://upload.wikimedia.org/wikipedia/commons/9/98/1910_Eric_Hambro.jpg', 667, 800, '2021-02-27 23:00:00'),
(152, 152, 'https://upload.wikimedia.org/wikipedia/commons/thumb/d/da/Bomb_Proof_Fort_Stedman_02853v.jpg/1000px-Bomb_Proof_Fort_Stedman_02853v.jpg', 1000, 995, '2021-02-27 23:00:00'),
(153, 153, 'https://upload.wikimedia.org/wikipedia/commons/0/06/FMIB_45615_Trachichthodes_gerrardi.jpeg', 989, 556, '2021-02-27 23:00:00'),
(154, 154, 'https://upload.wikimedia.org/wikipedia/commons/thumb/5/51/Nokia_6303i.jpg/588px-Nokia_6303i.jpg', 588, 1000, '2021-02-27 23:00:00'),
(155, 155, 'https://upload.wikimedia.org/wikipedia/commons/thumb/b/b2/Sugawara-no-Michizane-Praying-on-Tenpaizan-by-Kobayashi-Eitaku-1880.jpg/541px-Sugawara-no-Michizane-Praying-on-Tenpaizan-by-Kobayashi-Eitaku-1880.jpg', 541, 1000, '2021-02-27 23:00:00'),
(156, 156, 'https://upload.wikimedia.org/wikipedia/commons/thumb/1/10/FMIB_45993_Whale_Fishery.jpeg/1000px-FMIB_45993_Whale_Fishery.jpeg', 1000, 737, '2021-02-27 23:00:00'),
(157, 157, 'https://upload.wikimedia.org/wikipedia/commons/thumb/5/5a/Bertrando-Spaventa.png/689px-Bertrando-Spaventa.png', 689, 1000, '2021-02-27 23:00:00'),
(158, 158, 'https://upload.wikimedia.org/wikipedia/commons/thumb/1/1f/Big_Blue_River_Henry_County_Indiana.JPG/1000px-Big_Blue_River_Henry_County_Indiana.JPG', 1000, 750, '2021-02-27 23:00:00'),
(159, 159, 'https://upload.wikimedia.org/wikipedia/commons/thumb/e/e9/BrindleCreek.jpg/1000px-BrindleCreek.jpg', 1000, 676, '2021-02-27 23:00:00'),
(160, 160, 'https://upload.wikimedia.org/wikipedia/commons/thumb/8/8e/Le_balze%2C_giardino_d%27inverno_02.JPG/1000px-Le_balze%2C_giardino_d%27inverno_02.JPG', 1000, 750, '2021-02-27 23:00:00'),
(161, 161, 'https://upload.wikimedia.org/wikipedia/commons/e/e6/Caustiche.jpg', 707, 571, '2021-02-27 23:00:00'),
(162, 162, 'https://upload.wikimedia.org/wikipedia/commons/thumb/f/fc/State_Theater_remnants_in_Youngstown.jpg/562px-State_Theater_remnants_in_Youngstown.jpg', 562, 1000, '2021-02-27 23:00:00'),
(163, 163, 'https://upload.wikimedia.org/wikipedia/commons/thumb/a/a0/Cognac_glass_-_tulip_shaped.JPG/778px-Cognac_glass_-_tulip_shaped.JPG', 778, 1000, '2021-02-27 23:00:00'),
(164, 164, 'https://upload.wikimedia.org/wikipedia/commons/e/e0/Bryant_Washburn_in_All_Wrong.jpg', 714, 990, '2021-02-27 23:00:00'),
(165, 165, 'https://upload.wikimedia.org/wikipedia/commons/thumb/6/6c/Brembatesopra1.JPG/1000px-Brembatesopra1.JPG', 1000, 667, '2021-02-27 23:00:00'),
(166, 166, 'https://upload.wikimedia.org/wikipedia/commons/thumb/a/a9/Acroglochin_persicarioides%2C_as_Lecanocarpus_nepalensis.jpg/833px-Acroglochin_persicarioides%2C_as_Lecanocarpus_nepalensis.jpg', 833, 1000, '2021-02-27 23:00:00'),
(167, 167, 'https://upload.wikimedia.org/wikipedia/commons/2/22/Luciano_Borzone_-_Erminia_e_Vafrino_deparam_com_Tancredi_ferido.jpg', 640, 523, '2021-02-27 23:00:00'),
(168, 168, 'https://upload.wikimedia.org/wikipedia/commons/5/5f/LGDiary_CoverAndPage.jpg', 880, 700, '2021-02-27 23:00:00'),
(169, 169, 'https://upload.wikimedia.org/wikipedia/commons/6/6b/Sandy_Bowers.jpg', 831, 842, '2021-02-27 23:00:00'),
(170, 170, 'https://upload.wikimedia.org/wikipedia/commons/thumb/f/f5/Outline_Map_of_Bashkortostan_2.svg/830px-Outline_Map_of_Bashkortostan_2.svg.png', 830, 1000, '2021-02-27 23:00:00'),
(171, 171, 'https://upload.wikimedia.org/wikipedia/commons/thumb/6/68/Antonio_Su%C3%B1ol.jpg/830px-Antonio_Su%C3%B1ol.jpg', 830, 1000, '2021-02-27 23:00:00'),
(172, 172, 'https://upload.wikimedia.org/wikipedia/commons/thumb/6/68/Laura_Battiferri_by_Angelo_Bronzino.jpg/790px-Laura_Battiferri_by_Angelo_Bronzino.jpg', 790, 1000, '2021-02-27 23:00:00'),
(173, 173, 'https://upload.wikimedia.org/wikipedia/commons/thumb/d/d5/Amn_Hector_Chacon%2C_49th_Maintenance_Squadron%2C_performs_a_liquid_penetrant_inspection_at_Holloman_AFB.jpg/684px-Amn_Hector_Chacon%2C_49th_Maintenance_Squadron%2C_performs_a_liquid_penetrant_inspection_at_Holloman_AFB.jpg', 684, 1000, '2021-02-27 23:00:00'),
(174, 174, 'https://upload.wikimedia.org/wikipedia/commons/d/d9/Diego_Rivera%2C_1910.jpg', 709, 989, '2021-02-27 23:00:00'),
(175, 175, 'https://upload.wikimedia.org/wikipedia/commons/thumb/9/99/Magoffin_County_Justice_Center.jpg/1000px-Magoffin_County_Justice_Center.jpg', 1000, 665, '2021-02-27 23:00:00'),
(176, 176, 'https://upload.wikimedia.org/wikipedia/commons/6/69/Saint_Cyril_of_Jerusalem.jpg', 600, 528, '2021-02-27 23:00:00'),
(177, 177, 'https://upload.wikimedia.org/wikipedia/commons/thumb/a/a2/ERX-11.svg/1000px-ERX-11.svg.png', 1000, 579, '2021-02-27 23:00:00'),
(178, 178, 'https://upload.wikimedia.org/wikipedia/commons/thumb/2/2a/OPHoff.jpg/646px-OPHoff.jpg', 646, 1000, '2021-02-27 23:00:00'),
(179, 179, 'https://upload.wikimedia.org/wikipedia/commons/thumb/b/ba/Hydroxyethylpromethazine.svg/771px-Hydroxyethylpromethazine.svg.png', 771, 1000, '2021-02-27 23:00:00'),
(180, 180, 'https://upload.wikimedia.org/wikipedia/commons/d/d9/Ren%C3%A9_Mourlon_1931.jpg', 656, 660, '2021-02-27 23:00:00'),
(181, 181, 'https://upload.wikimedia.org/wikipedia/commons/thumb/6/60/New_York_Giants_logo.svg/1000px-New_York_Giants_logo.svg.png', 1000, 777, '2021-02-27 23:00:00'),
(182, 182, 'https://upload.wikimedia.org/wikipedia/commons/thumb/a/a1/Hydrogen_fine_structure2.svg/1000px-Hydrogen_fine_structure2.svg.png', 1000, 686, '2021-02-27 23:00:00'),
(183, 183, 'https://upload.wikimedia.org/wikipedia/commons/thumb/6/64/L-histidine-skeletal.png/845px-L-histidine-skeletal.png', 845, 1000, '2021-02-27 23:00:00'),
(184, 184, 'https://upload.wikimedia.org/wikipedia/commons/a/aa/Sir_James_Douglas.jpg', 695, 819, '2021-02-27 23:00:00'),
(185, 185, 'https://upload.wikimedia.org/wikipedia/commons/thumb/d/d9/92_Eng_Bn_DUI.jpg/989px-92_Eng_Bn_DUI.jpg', 989, 1000, '2021-02-27 23:00:00'),
(186, 186, 'https://upload.wikimedia.org/wikipedia/commons/thumb/0/0d/UluruClip3ArtC1941.jpg/1000px-UluruClip3ArtC1941.jpg', 1000, 689, '2021-02-27 23:00:00'),
(187, 187, 'https://upload.wikimedia.org/wikipedia/commons/8/8d/Kisokaido56_Akasaka.jpg', 860, 574, '2021-02-27 23:00:00'),
(188, 188, 'https://upload.wikimedia.org/wikipedia/commons/thumb/3/39/Pelias_meets_Jason_MAN_Napoli_Inv111436.jpg/711px-Pelias_meets_Jason_MAN_Napoli_Inv111436.jpg', 711, 1000, '2021-02-27 23:00:00'),
(189, 189, 'https://upload.wikimedia.org/wikipedia/commons/thumb/7/7b/Buddy_Carter%2C_Official_Portrait%2C_114th_Congress.jpg/666px-Buddy_Carter%2C_Official_Portrait%2C_114th_Congress.jpg', 666, 1000, '2021-02-27 23:00:00'),
(190, 190, 'https://upload.wikimedia.org/wikipedia/commons/8/84/General_Joaquim_Jos%C3%A9_Machado_%28Sociedade_de_Geografia_de_Lisboa%29.png', 624, 906, '2021-02-27 23:00:00'),
(191, 191, 'https://upload.wikimedia.org/wikipedia/commons/thumb/e/e8/The_Siege_of_Aachen.png/1000px-The_Siege_of_Aachen.png', 1000, 718, '2021-02-27 23:00:00'),
(192, 192, 'https://upload.wikimedia.org/wikipedia/commons/thumb/9/93/Bahnhof_Wien_Spittelau_DSC07673.JPG/1000px-Bahnhof_Wien_Spittelau_DSC07673.JPG', 1000, 750, '2021-02-27 23:00:00'),
(193, 193, 'https://upload.wikimedia.org/wikipedia/commons/thumb/d/de/Bundestagswahlkreis_253-2017.svg/962px-Bundestagswahlkreis_253-2017.svg.png', 962, 1000, '2021-02-27 23:00:00'),
(194, 194, 'https://upload.wikimedia.org/wikipedia/commons/3/3a/StateLibQld_2_88164_Portrait_of_the_Honorable_Francis_Kenna.jpg', 728, 1000, '2021-02-27 23:00:00'),
(195, 195, 'https://upload.wikimedia.org/wikipedia/commons/thumb/d/d8/Winters_zicht_op_Teralfene.jpg/1000px-Winters_zicht_op_Teralfene.jpg', 1000, 750, '2021-02-27 23:00:00'),
(196, 196, 'https://upload.wikimedia.org/wikipedia/commons/d/dd/Goadby_marwood.jpg', 800, 600, '2021-02-27 23:00:00'),
(197, 197, 'https://upload.wikimedia.org/wikipedia/commons/thumb/f/ff/Paeonia_cambessedesii_Bot._Mag._133._8161._1907.jpg/586px-Paeonia_cambessedesii_Bot._Mag._133._8161._1907.jpg', 586, 1000, '2021-02-27 23:00:00'),
(198, 198, 'https://upload.wikimedia.org/wikipedia/commons/thumb/f/fd/Caf%C3%A9_de_Flore.jpg/1000px-Caf%C3%A9_de_Flore.jpg', 1000, 750, '2021-02-27 23:00:00'),
(199, 199, 'https://upload.wikimedia.org/wikipedia/commons/e/e4/Conisania_poelli.jpg', 577, 568, '2021-02-27 23:00:00'),
(200, 200, 'https://upload.wikimedia.org/wikipedia/commons/thumb/1/17/Merry_Muses_of_Caledonia_1799_Title_Page.png/553px-Merry_Muses_of_Caledonia_1799_Title_Page.png', 553, 1000, '2021-02-27 23:00:00'),
(201, 201, 'https://upload.wikimedia.org/wikipedia/commons/thumb/f/f3/La_Piedad_by_Antonio_Jose_Carranza.jpg/685px-La_Piedad_by_Antonio_Jose_Carranza.jpg', 685, 1000, '2021-02-27 23:00:00'),
(202, 202, 'https://upload.wikimedia.org/wikipedia/commons/c/c8/Ragazzi_di_via_Panisperna.jpg', 600, 933, '2021-02-27 23:00:00'),
(203, 203, 'https://upload.wikimedia.org/wikipedia/commons/thumb/1/1c/3rd-Jeep-Grand-Cherokee.jpg/1000px-3rd-Jeep-Grand-Cherokee.jpg', 1000, 579, '2021-02-27 23:00:00'),
(204, 204, 'https://upload.wikimedia.org/wikipedia/commons/c/ca/Nam_Phong_Royal_Thai_Air_Force_Base_aerial_in_1973.JPG', 774, 570, '2021-02-27 23:00:00'),
(205, 205, 'https://upload.wikimedia.org/wikipedia/commons/thumb/4/44/KickingHorseRiver.JPG/1000px-KickingHorseRiver.JPG', 1000, 750, '2021-02-27 23:00:00'),
(206, 206, 'https://upload.wikimedia.org/wikipedia/commons/3/38/Lancia_Astura_Lince_%282008%29.jpg', 800, 600, '2021-02-27 23:00:00'),
(207, 207, 'https://upload.wikimedia.org/wikipedia/commons/thumb/6/6e/Eritrean_Railway_-_2008-11-04-edit1.jpg/1000px-Eritrean_Railway_-_2008-11-04-edit1.jpg', 1000, 750, '2021-02-27 23:00:00'),
(208, 208, 'https://upload.wikimedia.org/wikipedia/commons/thumb/a/a8/Nassau_Blvd_LIRR_jeh.JPG/1000px-Nassau_Blvd_LIRR_jeh.JPG', 1000, 750, '2021-02-27 23:00:00'),
(209, 209, 'https://upload.wikimedia.org/wikipedia/commons/thumb/1/1f/Roger_Wolfe_Kahn_circa_1919.jpg/716px-Roger_Wolfe_Kahn_circa_1919.jpg', 716, 1000, '2021-02-27 23:00:00'),
(210, 210, 'https://upload.wikimedia.org/wikipedia/commons/thumb/7/74/IverRosenkrantz.jpg/696px-IverRosenkrantz.jpg', 696, 1000, '2021-02-27 23:00:00'),
(211, 211, 'https://upload.wikimedia.org/wikipedia/commons/thumb/4/4b/Starr_040201_3625_brumoides_suturalis.jpg/1000px-Starr_040201_3625_brumoides_suturalis.jpg', 1000, 627, '2021-02-27 23:00:00'),
(212, 212, 'https://upload.wikimedia.org/wikipedia/commons/thumb/c/c3/James_E._Webb%2C_official_NASA_photo%2C_1966.jpg/761px-James_E._Webb%2C_official_NASA_photo%2C_1966.jpg', 761, 1000, '2021-02-27 23:00:00'),
(213, 213, 'https://upload.wikimedia.org/wikipedia/en/9/9e/Alands.jpg', 943, 521, '2021-02-27 23:00:00'),
(214, 214, 'https://upload.wikimedia.org/wikipedia/commons/thumb/2/28/COTS2Dragon.2..jpg/1000px-COTS2Dragon.2..jpg', 1000, 877, '2021-02-27 23:00:00'),
(215, 215, 'https://upload.wikimedia.org/wikipedia/commons/7/74/Belphegor.jpg', 695, 800, '2021-02-27 23:00:00'),
(216, 216, 'https://upload.wikimedia.org/wikipedia/commons/thumb/7/78/Kay_Aldridge_1940s.jpg/742px-Kay_Aldridge_1940s.jpg', 742, 1000, '2021-02-27 23:00:00'),
(217, 217, 'https://upload.wikimedia.org/wikipedia/commons/thumb/d/d0/Upton_House.jpg/1000px-Upton_House.jpg', 1000, 750, '2021-02-27 23:00:00'),
(218, 218, 'https://upload.wikimedia.org/wikipedia/commons/thumb/5/5e/Respiratory_system_complete_en.svg/939px-Respiratory_system_complete_en.svg.png', 939, 1000, '2021-02-27 23:00:00'),
(219, 219, 'https://upload.wikimedia.org/wikipedia/commons/thumb/9/97/Gray646.svg/947px-Gray646.svg.png', 947, 1000, '2021-02-27 23:00:00'),
(220, 220, 'https://upload.wikimedia.org/wikipedia/commons/thumb/f/f5/Outline_Map_of_Bashkortostan_2.svg/830px-Outline_Map_of_Bashkortostan_2.svg.png', 830, 1000, '2021-02-27 23:00:00'),
(221, 221, 'https://upload.wikimedia.org/wikipedia/commons/thumb/4/40/Julie_Lund_Eponine.jpg/666px-Julie_Lund_Eponine.jpg', 666, 1000, '2021-02-27 23:00:00'),
(222, 222, 'https://upload.wikimedia.org/wikipedia/commons/thumb/9/9e/Mrs._Ocey_Snead.jpg/902px-Mrs._Ocey_Snead.jpg', 902, 1000, '2021-02-27 23:00:00'),
(223, 223, 'https://upload.wikimedia.org/wikipedia/commons/9/9f/Otago_harbour_landsat.jpg', 800, 593, '2021-02-27 23:00:00'),
(224, 224, 'https://upload.wikimedia.org/wikipedia/commons/6/62/Joseph_Goodall_Dawe.jpg', 617, 800, '2021-02-27 23:00:00'),
(225, 225, 'https://upload.wikimedia.org/wikipedia/commons/thumb/1/16/Altamura_Painter_-_Red-Figure_Calyx_Krater_-_Walters_48262_-_Side_A.jpg/918px-Altamura_Painter_-_Red-Figure_Calyx_Krater_-_Walters_48262_-_Side_A.jpg', 918, 1000, '2021-02-27 23:00:00'),
(226, 226, 'https://upload.wikimedia.org/wikipedia/commons/thumb/2/29/Paul_Gauguin_103.jpg/1000px-Paul_Gauguin_103.jpg', 1000, 772, '2021-02-27 23:00:00'),
(227, 227, 'https://upload.wikimedia.org/wikipedia/commons/9/9b/ThomasFielderBowie.jpg', 709, 709, '2021-02-27 23:00:00'),
(228, 228, 'https://upload.wikimedia.org/wikipedia/commons/thumb/2/28/Spanish_capture_of_St_Kitts.jpg/1000px-Spanish_capture_of_St_Kitts.jpg', 1000, 960, '2021-02-27 23:00:00'),
(229, 229, 'https://upload.wikimedia.org/wikipedia/commons/thumb/f/ff/Castle_Harrison.jpg/1000px-Castle_Harrison.jpg', 1000, 585, '2021-02-27 23:00:00'),
(230, 230, 'https://upload.wikimedia.org/wikipedia/commons/thumb/f/ff/Newcastle_Castle%2C_1814.jpg/1000px-Newcastle_Castle%2C_1814.jpg', 1000, 950, '2021-02-27 23:00:00'),
(231, 231, 'https://upload.wikimedia.org/wikipedia/commons/thumb/2/2e/Taylor_Guerrieri_%28120110-F-LA395-017%29_%28cropped%29.jpg/1000px-Taylor_Guerrieri_%28120110-F-LA395-017%29_%28cropped%29.jpg', 1000, 952, '2021-02-27 23:00:00'),
(232, 232, 'https://upload.wikimedia.org/wikipedia/commons/thumb/1/1f/Scrub_Hickory_Leaf_ERD.JPG/750px-Scrub_Hickory_Leaf_ERD.JPG', 750, 1000, '2021-02-27 23:00:00'),
(233, 233, 'https://upload.wikimedia.org/wikipedia/commons/thumb/e/e7/Jeep-Commander.jpg/1000px-Jeep-Commander.jpg', 1000, 602, '2021-02-27 23:00:00'),
(234, 234, 'https://upload.wikimedia.org/wikipedia/commons/thumb/0/04/IyngipicusRamsayiSmit.jpg/659px-IyngipicusRamsayiSmit.jpg', 659, 1000, '2021-02-27 23:00:00'),
(235, 235, 'https://upload.wikimedia.org/wikipedia/commons/6/63/Tino_Scotti.jpg', 540, 658, '2021-02-27 23:00:00'),
(236, 236, 'https://upload.wikimedia.org/wikipedia/commons/thumb/0/08/Map_of_California_highlighting_Yuba_County.svg/870px-Map_of_California_highlighting_Yuba_County.svg.png', 870, 1000, '2021-02-27 23:00:00'),
(237, 237, 'https://upload.wikimedia.org/wikipedia/commons/e/ee/Georgije_Magara%C5%A1evi%C4%87.jpg', 594, 658, '2021-02-27 23:00:00'),
(238, 238, 'https://upload.wikimedia.org/wikipedia/commons/thumb/1/1a/Cyriakusstift_und_Kloster_Liebenau%2C_WormsJS.jpg/1000px-Cyriakusstift_und_Kloster_Liebenau%2C_WormsJS.jpg', 1000, 644, '2021-02-27 23:00:00'),
(239, 239, 'https://upload.wikimedia.org/wikipedia/commons/thumb/0/0f/Toro3.jpg/1000px-Toro3.jpg', 1000, 679, '2021-02-27 23:00:00'),
(240, 240, 'https://upload.wikimedia.org/wikipedia/commons/thumb/6/60/Landkreise%2C_Kreise_und_kreisfreie_St%C3%A4dte_in_Deutschland_2016-11-01.svg/755px-Landkreise%2C_Kreise_und_kreisfreie_St%C3%A4dte_in_Deutschland_2016-11-01.svg.png', 755, 1000, '2021-02-27 23:00:00'),
(241, 241, 'https://upload.wikimedia.org/wikipedia/commons/thumb/c/c6/Charles_Frohman_presents_William_Gillette_in_his_new_four_act_drama%2C_Sherlock_Holmes_%28LOC_var_1364%29_%28edit%29.jpg/730px-Charles_Frohman_presents_William_Gillette_in_his_new_four_act_drama%2C_Sherlock_Holmes_%28LOC_var_1364%29_%28edit%29.jpg', 730, 1000, '2021-02-27 23:00:00'),
(242, 242, 'https://upload.wikimedia.org/wikipedia/commons/thumb/5/50/%D0%94%D0%BE%D0%BA%D1%83%D1%87%D0%B0%D0%B5%D0%B2%2C_%D0%92%D0%B0%D1%81%D0%B8%D0%BB%D0%B8%D0%B9_%D0%92%D0%B0%D1%81%D0%B8%D0%BB%D1%8C%D0%B5%D0%B2%D0%B8%D1%87.jpg/679px-%D0%94%D0%BE%D0%BA%D1%83%D1%87%D0%B0%D0%B5%D0%B2%2C_%D0%92%D0%B0%D1%81%D0%B8%D0%BB%D0%B8%D0%B9_%D0%92%D0%B0%D1%81%D0%B8%D0%BB%D1%8C%D0%B5%D0%B2%D0%B8%D1%87.jpg', 679, 1000, '2021-02-27 23:00:00'),
(243, 243, 'https://upload.wikimedia.org/wikipedia/commons/5/5d/HansFranzNaegeli.jpg', 573, 793, '2021-02-27 23:00:00'),
(244, 244, 'https://upload.wikimedia.org/wikipedia/commons/thumb/3/37/Marko_Ore%C5%A1kovi%C4%87_%281%29.jpg/750px-Marko_Ore%C5%A1kovi%C4%87_%281%29.jpg', 750, 1000, '2021-02-27 23:00:00'),
(245, 245, 'https://upload.wikimedia.org/wikipedia/commons/0/0e/Jacob_Guntlack.jpg', 696, 972, '2021-02-27 23:00:00'),
(246, 246, 'https://upload.wikimedia.org/wikipedia/commons/thumb/9/91/Bank_in_Winterthur.png/1000px-Bank_in_Winterthur.png', 1000, 899, '2021-02-27 23:00:00'),
(247, 247, 'https://upload.wikimedia.org/wikipedia/commons/thumb/f/fa/Airforce_Museum_Berlin-Gatow_135.JPG/1000px-Airforce_Museum_Berlin-Gatow_135.JPG', 1000, 750, '2021-02-27 23:00:00'),
(248, 248, 'https://upload.wikimedia.org/wikipedia/commons/thumb/3/3c/8mm_and_super8.png/1000px-8mm_and_super8.png', 1000, 726, '2021-02-27 23:00:00'),
(249, 249, 'https://upload.wikimedia.org/wikipedia/commons/thumb/7/73/Opuntia_nemoralis.jpg/855px-Opuntia_nemoralis.jpg', 855, 1000, '2021-02-27 23:00:00'),
(250, 250, 'https://upload.wikimedia.org/wikipedia/commons/thumb/8/87/Courtyard_with_Lunatics_by_Goya_1794.jpg/732px-Courtyard_with_Lunatics_by_Goya_1794.jpg', 732, 1000, '2021-02-27 23:00:00'),
(251, 251, 'https://upload.wikimedia.org/wikipedia/commons/thumb/e/e7/Paussus.JPG/509px-Paussus.JPG', 509, 1000, '2021-02-27 23:00:00'),
(252, 252, 'https://upload.wikimedia.org/wikipedia/commons/thumb/0/07/Raionul_Hincesti_location_map.jpg/781px-Raionul_Hincesti_location_map.jpg', 781, 1000, '2021-02-27 23:00:00'),
(253, 253, 'https://upload.wikimedia.org/wikipedia/commons/thumb/0/03/United_States_Army_Forces_Command_SSI.svg/1000px-United_States_Army_Forces_Command_SSI.svg.png', 1000, 1000, '2021-02-27 23:00:00'),
(254, 254, 'https://upload.wikimedia.org/wikipedia/commons/thumb/b/bc/Moerel.jpg/1000px-Moerel.jpg', 1000, 750, '2021-02-27 23:00:00'),
(255, 255, 'https://upload.wikimedia.org/wikipedia/commons/thumb/f/fb/MELLISS%281875%29_p387_-_PLATE_39_-_Commidendron_Robustum.jpg/1000px-MELLISS%281875%29_p387_-_PLATE_39_-_Commidendron_Robustum.jpg', 1000, 681, '2021-02-27 23:00:00'),
(256, 256, 'https://upload.wikimedia.org/wikipedia/commons/2/24/PDB_1zdv_EBI.jpg', 800, 600, '2021-02-27 23:00:00'),
(257, 257, 'https://upload.wikimedia.org/wikipedia/commons/thumb/a/ab/Michael_Drayton00.jpg/631px-Michael_Drayton00.jpg', 631, 1000, '2021-02-27 23:00:00'),
(258, 258, 'https://upload.wikimedia.org/wikipedia/commons/0/0e/Notopogon_xenosoma.jpg', 900, 593, '2021-02-27 23:00:00'),
(259, 259, 'https://upload.wikimedia.org/wikipedia/commons/1/1d/Alpha_scale_chromatic_circle.png', 624, 672, '2021-02-27 23:00:00'),
(260, 260, 'https://upload.wikimedia.org/wikipedia/commons/thumb/b/b3/Rhadinaea_flavilata.jpg/1000px-Rhadinaea_flavilata.jpg', 1000, 670, '2021-02-27 23:00:00'),
(261, 261, 'https://upload.wikimedia.org/wikipedia/commons/thumb/7/79/Outline_Map_of_Vologda_Oblast.svg/1000px-Outline_Map_of_Vologda_Oblast.svg.png', 1000, 571, '2021-02-27 23:00:00'),
(262, 262, 'https://upload.wikimedia.org/wikipedia/commons/thumb/4/4f/Jo%C3%A3o_de_Barros.jpg/616px-Jo%C3%A3o_de_Barros.jpg', 616, 1000, '2021-02-27 23:00:00'),
(263, 263, 'https://upload.wikimedia.org/wikipedia/commons/thumb/b/bf/PolygalaRoyle.jpg/693px-PolygalaRoyle.jpg', 693, 1000, '2021-02-27 23:00:00'),
(264, 264, 'https://upload.wikimedia.org/wikipedia/commons/thumb/0/09/Thuborough_Sutcombe_Devon_East_Front.jpg/1000px-Thuborough_Sutcombe_Devon_East_Front.jpg', 1000, 750, '2021-02-27 23:00:00'),
(265, 265, 'https://upload.wikimedia.org/wikipedia/commons/thumb/f/f7/Fombio.jpg/1000px-Fombio.jpg', 1000, 750, '2021-02-27 23:00:00'),
(266, 266, 'https://upload.wikimedia.org/wikipedia/commons/6/68/Julius_Kuperjanov_1917.jpg', 592, 921, '2021-02-27 23:00:00'),
(267, 267, 'https://upload.wikimedia.org/wikipedia/commons/thumb/4/45/Bolivia_Beni_Cercado.png/1000px-Bolivia_Beni_Cercado.png', 1000, 1000, '2021-02-27 23:00:00'),
(268, 268, 'https://upload.wikimedia.org/wikipedia/commons/thumb/c/ce/Flag_of_Catalonia.svg/1000px-Flag_of_Catalonia.svg.png', 1000, 667, '2021-02-27 23:00:00'),
(269, 269, 'https://upload.wikimedia.org/wikipedia/commons/thumb/5/5b/Boeing_B-52H-175-BW_%28SN_61-0040%29_This_was_the_last_B-52_built_061026-F-1234S-024.jpg/1000px-Boeing_B-52H-175-BW_%28SN_61-0040%29_This_was_the_last_B-52_built_061026-F-1234S-024.jpg', 1000, 659, '2021-02-27 23:00:00'),
(270, 270, 'https://upload.wikimedia.org/wikipedia/commons/thumb/5/5f/St._Peter%27s_AME_Church_in_Harrodsburg.jpg/1000px-St._Peter%27s_AME_Church_in_Harrodsburg.jpg', 1000, 563, '2021-02-27 23:00:00'),
(271, 271, 'https://upload.wikimedia.org/wikipedia/commons/3/3c/Democrats-fail-to-regain-veto-power-7_%28cropped%29.jpg', 563, 751, '2021-02-27 23:00:00'),
(272, 272, 'https://upload.wikimedia.org/wikipedia/commons/f/fa/Martyn_Finlay%2C_1968.jpg', 604, 842, '2021-02-27 23:00:00'),
(273, 273, 'https://upload.wikimedia.org/wikipedia/commons/7/72/Braque_Family_Triptych_closed_WGA.jpg', 1000, 671, '2021-02-27 23:00:00'),
(274, 274, 'https://upload.wikimedia.org/wikipedia/commons/thumb/a/af/Irving_A._Fradkin.jpg/707px-Irving_A._Fradkin.jpg', 707, 1000, '2021-02-27 23:00:00'),
(275, 275, 'https://upload.wikimedia.org/wikipedia/commons/thumb/8/85/Gottfried_Christoph_H%C3%A4rtel.jpg/736px-Gottfried_Christoph_H%C3%A4rtel.jpg', 736, 1000, '2021-02-27 23:00:00'),
(276, 276, 'https://upload.wikimedia.org/wikipedia/en/thumb/b/ba/Flag_of_Germany.svg/1000px-Flag_of_Germany.svg.png', 1000, 600, '2021-02-27 23:00:00'),
(277, 277, 'https://upload.wikimedia.org/wikipedia/commons/thumb/3/3a/Lou_Armstrong_1910.jpg/587px-Lou_Armstrong_1910.jpg', 587, 1000, '2021-02-27 23:00:00'),
(278, 278, 'https://upload.wikimedia.org/wikipedia/commons/thumb/a/a7/Raffael_021.jpg/792px-Raffael_021.jpg', 792, 1000, '2021-02-27 23:00:00'),
(279, 279, 'https://upload.wikimedia.org/wikipedia/commons/b/b1/USS_Kalk_%28DD-611%29_off_Mare_Island_in_December_1942.jpg', 730, 547, '2021-02-27 23:00:00'),
(280, 280, 'https://upload.wikimedia.org/wikipedia/commons/thumb/a/a2/POL_Stare_Jaroszowice_-_ruiny_kosciola.JPG/669px-POL_Stare_Jaroszowice_-_ruiny_kosciola.JPG', 669, 1000, '2021-02-27 23:00:00'),
(281, 281, 'https://upload.wikimedia.org/wikipedia/commons/d/d2/Horon_karadeniz.jpg', 800, 536, '2021-02-27 23:00:00'),
(282, 282, 'https://upload.wikimedia.org/wikipedia/commons/thumb/e/e3/Christiaan_Hagen_-_Portrait_of_Juan_Domingo_de_Zu%C3%B1iga_y_Fonseca.jpg/790px-Christiaan_Hagen_-_Portrait_of_Juan_Domingo_de_Zu%C3%B1iga_y_Fonseca.jpg', 790, 1000, '2021-02-27 23:00:00'),
(283, 283, 'https://upload.wikimedia.org/wikipedia/commons/thumb/9/98/Location_map_of_Monmouth_County%2C_New_Jersey.svg/1000px-Location_map_of_Monmouth_County%2C_New_Jersey.svg.png', 1000, 857, '2021-02-27 23:00:00');

-- --------------------------------------------------------

--
-- Tabellstruktur `questionsplayed`
--

CREATE TABLE `questionsplayed` (
  `id` int(11) NOT NULL,
  `gameId` int(11) NOT NULL,
  `questionId` int(11) NOT NULL,
  `wasCorrect` tinyint(1) NOT NULL
) ENGINE=InnoDB DEFAULT CHARSET=utf8mb4;

--
-- Dumpning av Data i tabell `questionsplayed`
--

INSERT INTO `questionsplayed` (`id`, `gameId`, `questionId`, `wasCorrect`) VALUES
(187, 337, 192, 0);

-- --------------------------------------------------------

--
-- Tabellstruktur `titles`
--

CREATE TABLE `titles` (
  `id` int(11) NOT NULL,
  `name` varchar(32) NOT NULL
) ENGINE=InnoDB DEFAULT CHARSET=utf8mb4;

--
-- Dumpning av Data i tabell `titles`
--

INSERT INTO `titles` (`id`, `name`) VALUES
(2, 'Why Girls Go Back Home'),
(3, '542'),
(4, 'Tom Forman (actor)'),
(5, 'Surrey dialect'),
(6, 'Mitis Seignory'),
(7, 'Henry Sydney, 1st Earl of Romney'),
(8, 'Mademoiselle Caroline Rivière'),
(9, 'Almeidão'),
(10, 'Hungarian German Bloc'),
(11, 'J. Roy Bond House'),
(12, 'Tomah station'),
(13, 'Oncidium sarcodes'),
(14, 'Cessna 210'),
(15, 'Cortisone acetate'),
(16, 'Curtiss Model H'),
(17, 'South American great horned owl'),
(18, 'Spiny river snail'),
(19, 'Alfred Hitchcock filmography'),
(20, 'Sunset Valley, Texas'),
(21, 'Cycloundecane'),
(22, '2020 Kentucky elections'),
(23, 'Manthara'),
(24, 'Katsuragawa Station (Hokkaido)'),
(25, 'Urim, Israel'),
(26, 'Pinckneyville, Illinois'),
(27, 'John Leonard Riddell'),
(28, 'Dorothea A. Dreier'),
(29, 'Richard Taylor (editor)'),
(30, 'Thomas Boston'),
(31, 'East Bay River'),
(32, 'Curt Schreiner'),
(33, 'USS Langley (CV-1)'),
(34, 'French battleship Patrie'),
(35, 'Haydee Campbell'),
(36, '918th Air Refueling Squadron'),
(37, 'First Chilean Navy Squadron'),
(38, 'Aridarum'),
(39, 'Santa Clara Pueblo, New Mexico'),
(40, 'Flag of Mon State'),
(41, 'Curtain tie-back'),
(42, 'Edmund Hartt'),
(43, 'Pathfinder (1912 automobile)'),
(44, '497'),
(45, 'Nonhyeon-dong, Seoul'),
(46, 'Stade Akid Lotfi'),
(47, 'Hanriot HD.3'),
(48, 'Cooch Behar State'),
(49, 'Yeshivas Ner Yisroel'),
(50, 'Pterotracheoidea'),
(51, 'Josiah Forster'),
(52, 'Free Burghers'),
(53, 'Battle of Kletsk (1706)'),
(54, 'Henstedt-Ulzburg'),
(55, 'USS George H.W. Bush'),
(56, '1988 St. Louis Cardinals season'),
(57, 'Left- and right-hand traffic'),
(58, 'Rottal-Inn (electoral district)'),
(59, 'Fecal microbiota transplant'),
(60, 'Red Square (painting)'),
(61, 'Archduchess Barbara of Austria'),
(62, 'Symphony for Organ No. 6'),
(63, 'Edwin Eugene Aldrin Sr.'),
(64, 'Ernst Wigforss'),
(65, 'Denali'),
(66, 'Third from the Sun'),
(67, 'Nepal at the Paralympics'),
(68, 'Georgia State Route 8'),
(69, 'Oppenheimer Diamond'),
(70, 'Ancient Pistol'),
(71, 'Portrait of a Man in Red Chalk'),
(72, 'Besenthal'),
(73, 'E. C. Ryer'),
(74, 'Lake Salda'),
(75, 'Amundsen Sea'),
(76, 'South Holston Dam'),
(77, 'Iré-le-Sec'),
(78, 'Pat Smythe'),
(79, 'Oțelu Roșu'),
(80, 'The Studio (magazine)'),
(81, 'Palestine Cup of Nations'),
(82, 'Flying wing'),
(83, 'Wichita State Shockers'),
(84, 'Vũ Trinh'),
(85, 'Karl Freiherr von Müffling'),
(86, 'Bull trout'),
(87, 'Westland, Pennsylvania'),
(88, 'HMS Raider (H15)'),
(89, 'The Doughgirls'),
(90, 'Zaitao'),
(91, 'Orange-winged pytilia'),
(92, 'Alan Hale (politician)'),
(93, 'Mizo music'),
(94, 'John Jameson (colonel)'),
(95, 'Proclamation No. 1081'),
(96, 'SS Hitachi Maru (1898)'),
(97, 'Dennis Miller Bunker'),
(98, 'Samuel Taylor Darling'),
(99, 'Ringlegged earwig'),
(100, 'Jules Guérin (artist)'),
(101, 'Nury Turkel'),
(102, 'Boeing X-51 Waverider'),
(103, 'Chenoweth–Coulter Farm'),
(104, 'Harry Julian Allen'),
(105, 'Bondarenko (crater)'),
(106, 'Eric Marshall'),
(107, 'Betty Boop'),
(108, 'Atrane'),
(109, 'Vũ Trinh'),
(110, 'Benjamin Tallmadge'),
(111, 'Central Energy Trust Arena'),
(112, 'Oregon Route 214'),
(113, 'Coldwater, Ohio'),
(114, 'Wiesenfeld, Eichsfeld'),
(115, 'St. Petersburg, Pennsylvania'),
(116, 'Chroboly'),
(117, 'Lars Gule'),
(118, 'USS Bennington (CV-20)'),
(119, 'Catholicos of All Armenians'),
(120, 'Hove Festival'),
(121, 'Illarion Pryanishnikov'),
(122, 'Jerome R. Brigham'),
(123, 'Ogata Kōan'),
(124, 'Sibiryakov Island'),
(125, 'Marta Kristen'),
(126, 'Popular Front of Latvia'),
(127, 'Burton K. Wheeler'),
(128, 'Qarlughids'),
(129, 'Sant Tukaram (film)'),
(130, 'Askinsky District'),
(131, 'USS Gloucester (PF-22)'),
(132, 'Thomas F. Breslin'),
(133, 'Alkino-2'),
(134, 'Asellia'),
(135, 'Sylvania, Indiana'),
(136, 'Landward House'),
(137, 'Bumi Hills'),
(138, 'Corazon Aquino'),
(139, 'Trichospira'),
(140, 'Firuz Shah Tughlaq'),
(141, 'John Anderson Jr.'),
(142, 'Bliss-Leavitt Mark 7 torpedo'),
(143, 'Napoleon and the Catholic Church'),
(144, 'BICEP and Keck Array'),
(145, 'R. Borden Reams'),
(146, 'Jakob Ebert'),
(147, 'Wayside, Mississippi'),
(148, 'Speckle-chested piculet'),
(149, 'John VII of Constantinople'),
(150, 'Victrex'),
(151, 'Eric Hambro'),
(152, 'Battle of Fort Stedman'),
(153, 'Bight redfish'),
(154, 'Nokia 6303 classic'),
(155, 'Kobayashi Eitaku'),
(156, 'Lemmer (whaling)'),
(157, 'Bertrando Spaventa'),
(158, 'Big Blue River (Indiana)'),
(159, 'Border Ranges National Park'),
(160, 'Villa Le Balze'),
(161, 'NGC 6603'),
(162, 'State Theater (Youngstown, Ohio)'),
(163, 'Cognac'),
(164, 'All Wrong (film)'),
(165, 'Brembate di Sopra'),
(166, 'Acroglochin'),
(167, 'Luciano Borzone'),
(168, 'Kirkman\'s schoolgirl problem'),
(169, 'Sandy Bowers'),
(170, 'Tyulyakovo'),
(171, 'Rancho Los Coches'),
(172, 'Laura Battiferri'),
(173, 'Fluorescent penetrant inspection'),
(174, 'Diego Rivera'),
(175, 'Magoffin County, Kentucky'),
(176, 'Cyril of Jerusalem'),
(177, 'ERX-11'),
(178, 'O. P. Hoff'),
(179, 'Hydroxyethylpromethazine'),
(180, 'René Mourlon'),
(181, 'History of the New York Giants'),
(182, 'Lyman-alpha line'),
(183, 'Histidine (data page)'),
(184, 'Douglas Treaties'),
(185, '92nd Engineer Battalion'),
(186, 'Uluṟu-Kata Tjuṯa National Park'),
(187, 'Akasaka-juku (Nakasendō)'),
(188, 'Pelias'),
(189, 'Buddy Carter'),
(190, 'Joaquim José Machado'),
(191, 'War of the Jülich Succession'),
(192, 'Spittelau'),
(193, 'Augsburg-Land'),
(194, 'Francis Kenna'),
(195, 'Teralfene'),
(196, 'Goadby Marwood'),
(197, 'Paeonia cambessedesii'),
(198, 'Coffeehouse'),
(199, 'Conisania poelli'),
(200, 'The Merry Muses of Caledonia'),
(201, 'Antonio José Carranza'),
(202, 'Via Panisperna boys'),
(203, 'Jeep Grand Cherokee (WK)'),
(204, 'Royal Thai Air Base Nam Phong'),
(205, 'Kicking Horse River'),
(206, 'Lince (armored car)'),
(207, 'Eritrean Railway'),
(208, 'Nassau Boulevard station'),
(209, 'Roger Wolfe Kahn'),
(210, 'Iver Rosenkrantz'),
(211, 'Brumoides suturalis'),
(212, 'James E. Webb'),
(213, 'Politics of Åland'),
(214, '2012 in spaceflight'),
(215, 'Belphegor'),
(216, 'Kay Aldridge'),
(217, 'Cullen baronets'),
(218, 'Pulmonology'),
(219, 'Alar plate'),
(220, 'Agardy'),
(221, 'Julie Lund'),
(222, 'Ocey Snead'),
(223, 'Hoopers Inlet'),
(224, 'Joseph Goodall'),
(225, 'Altamura Painter'),
(226, 'Jean-Paul Aubé'),
(227, 'Thomas Fielder Bowie'),
(228, 'Battle of St. Kitts (1629)'),
(229, 'Castle Harrison'),
(230, 'Siege of Newcastle'),
(231, 'Taylor Guerrieri'),
(232, 'Carya floridana'),
(233, 'Jeep Commander (XK)'),
(234, 'Sulu pygmy woodpecker'),
(235, 'Tino Scotti'),
(236, 'Tricholoma mutabile'),
(237, 'Georgije Magarašević'),
(238, 'Liebenau monastery'),
(239, 'Toro (archaeological site)'),
(240, 'Districts of Germany'),
(241, 'Sherlock Holmes (play)'),
(242, 'List of Russian Earth scientists'),
(243, 'Hans Franz Nageli'),
(244, 'Marko Orešković'),
(245, 'Jacob Guntlack'),
(246, 'Bank in Winterthur'),
(247, 'Intake'),
(248, 'Standard 8 mm film'),
(249, 'Opuntia nemoralis'),
(250, 'Yard with Lunatics'),
(251, 'Paussus'),
(252, 'Mirești'),
(253, 'Army Ground Forces'),
(254, 'Mörel, Switzerland'),
(255, 'Commidendrum robustum'),
(256, 'Fimbrial usher protein'),
(257, 'William Hole (engraver)'),
(258, 'Notopogon xenosoma'),
(259, 'Alpha scale'),
(260, 'Rhadinaea'),
(261, 'Chagrino'),
(262, 'João de Barros'),
(263, 'Polygala crotalarioides'),
(264, 'Thuborough'),
(265, 'Fombio'),
(266, 'Julius Kuperjanov'),
(267, 'Cercado Province (Beni)'),
(268, 'Outline of Catalonia'),
(269, '450th Bombardment Wing'),
(270, 'St. Peter\'s AME Church'),
(271, 'Chan Hoi-yan'),
(272, 'Martyn Finlay'),
(273, 'Memento mori'),
(274, 'Irving A. Fradkin'),
(275, 'Breitkopf & Härtel'),
(276, 'Germany national speedway team'),
(277, 'Lou Armstrong'),
(278, 'St. Sebastian (Raphael)'),
(279, 'USS Kalk (DD-611)'),
(280, 'Stare Jaroszowice'),
(281, 'Horon (dance)'),
(282, 'Juan Domingo de Zuñiga y Fonseca'),
(283, 'Collingwood Park, New Jersey');

-- --------------------------------------------------------

--
-- Tabellstruktur `users`
--

CREATE TABLE `users` (
  `id` int(11) NOT NULL,
  `username` varchar(32) NOT NULL,
  `email` varchar(255) NOT NULL,
  `password` varchar(255) NOT NULL,
  `creationDate` timestamp NOT NULL DEFAULT current_timestamp()
) ENGINE=InnoDB DEFAULT CHARSET=utf8mb4;

--
-- Dumpning av Data i tabell `users`
--

INSERT INTO `users` (`id`, `username`, `email`, `password`, `creationDate`) VALUES
(23, 'philip', 'philip.hlm@live.se', '$2a$12$/qjnJ89d5bWA24NfKOYa0.3dQWkU7Ev5ImyK9g5AcnH7ionZYZi1O', '2021-03-06 16:35:03');

--
-- Index för dumpade tabeller
--

--
-- Index för tabell `categories`
--
ALTER TABLE `categories`
  ADD PRIMARY KEY (`id`);

--
-- Index för tabell `gamemodes`
--
ALTER TABLE `gamemodes`
  ADD PRIMARY KEY (`id`);

--
-- Index för tabell `gamesplayed`
--
ALTER TABLE `gamesplayed`
  ADD PRIMARY KEY (`id`),
  ADD KEY `gamesplayed_ibfk_2` (`gamemodeId`),
  ADD KEY `gamesplayed_ibfk_1` (`userId`);

--
-- Index för tabell `questioncategory`
--
ALTER TABLE `questioncategory`
  ADD PRIMARY KEY (`id`),
  ADD KEY `categoryId` (`categoryId`),
  ADD KEY `questionId` (`questionId`);

--
-- Index för tabell `questions`
--
ALTER TABLE `questions`
  ADD PRIMARY KEY (`id`),
  ADD KEY `titleId` (`titleId`);

--
-- Index för tabell `questionsplayed`
--
ALTER TABLE `questionsplayed`
  ADD PRIMARY KEY (`id`),
  ADD KEY `questionId` (`questionId`),
  ADD KEY `questionsplayed_ibfk_1` (`gameId`);

--
-- Index för tabell `titles`
--
ALTER TABLE `titles`
  ADD PRIMARY KEY (`id`);

--
-- Index för tabell `users`
--
ALTER TABLE `users`
  ADD PRIMARY KEY (`id`);

--
-- AUTO_INCREMENT för dumpade tabeller
--

--
-- AUTO_INCREMENT för tabell `categories`
--
ALTER TABLE `categories`
  MODIFY `id` int(11) NOT NULL AUTO_INCREMENT, AUTO_INCREMENT=2;

--
-- AUTO_INCREMENT för tabell `gamemodes`
--
ALTER TABLE `gamemodes`
  MODIFY `id` int(11) NOT NULL AUTO_INCREMENT, AUTO_INCREMENT=3;

--
-- AUTO_INCREMENT för tabell `gamesplayed`
--
ALTER TABLE `gamesplayed`
  MODIFY `id` int(11) NOT NULL AUTO_INCREMENT, AUTO_INCREMENT=338;

--
-- AUTO_INCREMENT för tabell `questioncategory`
--
ALTER TABLE `questioncategory`
  MODIFY `id` int(11) NOT NULL AUTO_INCREMENT, AUTO_INCREMENT=283;

--
-- AUTO_INCREMENT för tabell `questions`
--
ALTER TABLE `questions`
  MODIFY `id` int(11) NOT NULL AUTO_INCREMENT, AUTO_INCREMENT=284;

--
-- AUTO_INCREMENT för tabell `questionsplayed`
--
ALTER TABLE `questionsplayed`
  MODIFY `id` int(11) NOT NULL AUTO_INCREMENT, AUTO_INCREMENT=188;

--
-- AUTO_INCREMENT för tabell `titles`
--
ALTER TABLE `titles`
  MODIFY `id` int(11) NOT NULL AUTO_INCREMENT, AUTO_INCREMENT=284;

--
-- AUTO_INCREMENT för tabell `users`
--
ALTER TABLE `users`
  MODIFY `id` int(11) NOT NULL AUTO_INCREMENT, AUTO_INCREMENT=24;

--
-- Restriktioner för dumpade tabeller
--

--
-- Restriktioner för tabell `gamesplayed`
--
ALTER TABLE `gamesplayed`
  ADD CONSTRAINT `gamesplayed_ibfk_1` FOREIGN KEY (`userId`) REFERENCES `users` (`id`) ON DELETE CASCADE,
  ADD CONSTRAINT `gamesplayed_ibfk_2` FOREIGN KEY (`gamemodeId`) REFERENCES `gamemodes` (`id`);

--
-- Restriktioner för tabell `questioncategory`
--
ALTER TABLE `questioncategory`
  ADD CONSTRAINT `questioncategory_ibfk_1` FOREIGN KEY (`categoryId`) REFERENCES `categories` (`id`),
  ADD CONSTRAINT `questioncategory_ibfk_2` FOREIGN KEY (`questionId`) REFERENCES `questions` (`id`);

--
-- Restriktioner för tabell `questions`
--
ALTER TABLE `questions`
  ADD CONSTRAINT `questions_ibfk_1` FOREIGN KEY (`titleId`) REFERENCES `titles` (`id`);

--
-- Restriktioner för tabell `questionsplayed`
--
ALTER TABLE `questionsplayed`
  ADD CONSTRAINT `questionsplayed_ibfk_1` FOREIGN KEY (`gameId`) REFERENCES `gamesplayed` (`id`) ON DELETE CASCADE,
  ADD CONSTRAINT `questionsplayed_ibfk_2` FOREIGN KEY (`questionId`) REFERENCES `questions` (`id`);
COMMIT;

/*!40101 SET CHARACTER_SET_CLIENT=@OLD_CHARACTER_SET_CLIENT */;
/*!40101 SET CHARACTER_SET_RESULTS=@OLD_CHARACTER_SET_RESULTS */;
/*!40101 SET COLLATION_CONNECTION=@OLD_COLLATION_CONNECTION */;
